Subject ID,BABs Day 1,BISS Day 1,STAI Day 1 Before,STAI DAY 1 After,STAI Day 2 Before,STAI Day 2 After,STAI Day 3 Before,STAI Day 3 After,BISS Day 4 Before Scan,BISS Day 4 After Scan
5014_2,19,2.333333333,27,23,22,23,21,22,2.166666667,2.5
5019_2,14,4.833333333,34,39,33,39,31,47,4,4
5020_2,16,1.833333333,67,65,30,45,47,45,3,4.333333333
5026_2,21,3.333333333,48,65,39,57,48,46,2.5,2
5031_2,21,1.666666667,40,46,34,39,36,39,4.333333333,3.166666667